{
    "name": "root",
    "gauges": {
        "MovingSphere.Policy.Entropy.mean": {
            "value": 1.1195708513259888,
            "min": 1.1122850179672241,
            "max": 1.3978513479232788,
            "count": 23
        },
        "MovingSphere.Policy.Entropy.sum": {
            "value": 11195.708984375,
            "min": 11133.97265625,
            "max": 14005.0732421875,
            "count": 23
        },
        "MovingSphere.Environment.EpisodeLength.mean": {
            "value": 17.975332068311197,
            "min": 17.594040968342643,
            "max": 72.26666666666667,
            "count": 23
        },
        "MovingSphere.Environment.EpisodeLength.sum": {
            "value": 9473.0,
            "min": 3687.0,
            "max": 10840.0,
            "count": 23
        },
        "MovingSphere.Step.mean": {
            "value": 229997.0,
            "min": 9961.0,
            "max": 229997.0,
            "count": 23
        },
        "MovingSphere.Step.sum": {
            "value": 229997.0,
            "min": 9961.0,
            "max": 229997.0,
            "count": 23
        },
        "MovingSphere.Policy.ExtrinsicValueEstimate.mean": {
            "value": 0.8897393941879272,
            "min": 0.11875716596841812,
            "max": 0.8977997899055481,
            "count": 23
        },
        "MovingSphere.Policy.ExtrinsicValueEstimate.sum": {
            "value": 471.5618896484375,
            "min": 40.496192932128906,
            "max": 484.23675537109375,
            "count": 23
        },
        "MovingSphere.Environment.CumulativeReward.mean": {
            "value": 0.9924098671726755,
            "min": 0.19642857142857142,
            "max": 0.9977628635346756,
            "count": 23
        },
        "MovingSphere.Environment.CumulativeReward.sum": {
            "value": 523.0,
            "min": 66.0,
            "max": 534.0,
            "count": 23
        },
        "MovingSphere.Policy.ExtrinsicReward.mean": {
            "value": 0.9924098671726755,
            "min": 0.19642857142857142,
            "max": 0.9977628635346756,
            "count": 23
        },
        "MovingSphere.Policy.ExtrinsicReward.sum": {
            "value": 523.0,
            "min": 66.0,
            "max": 534.0,
            "count": 23
        },
        "MovingSphere.Losses.PolicyLoss.mean": {
            "value": 0.2472127424516966,
            "min": 0.23731153230594398,
            "max": 0.248470464398458,
            "count": 23
        },
        "MovingSphere.Losses.PolicyLoss.sum": {
            "value": 21.507508593297604,
            "min": 19.186926504069078,
            "max": 21.737602714773796,
            "count": 23
        },
        "MovingSphere.Losses.ValueLoss.mean": {
            "value": 0.007786396832785061,
            "min": 0.002639927297868017,
            "max": 0.06221026593725196,
            "count": 23
        },
        "MovingSphere.Losses.ValueLoss.sum": {
            "value": 0.6774165244523003,
            "min": 0.21383411112730938,
            "max": 5.287872604666417,
            "count": 23
        },
        "MovingSphere.Policy.LearningRate.mean": {
            "value": 0.00016496759673495403,
            "min": 0.00016496759673495403,
            "max": 0.00029699137417360733,
            "count": 23
        },
        "MovingSphere.Policy.LearningRate.sum": {
            "value": 0.014352180915941001,
            "min": 0.014352180915941001,
            "max": 0.0243532926822358,
            "count": 23
        },
        "MovingSphere.Policy.Epsilon.mean": {
            "value": 0.15498918390804603,
            "min": 0.15498918390804603,
            "max": 0.1989971243902439,
            "count": 23
        },
        "MovingSphere.Policy.Epsilon.sum": {
            "value": 13.484059000000004,
            "min": 13.363524400000003,
            "max": 16.573983400000003,
            "count": 23
        },
        "MovingSphere.Policy.Beta.mean": {
            "value": 0.0005000000000000001,
            "min": 0.0005000000000000001,
            "max": 0.0005000000000000001,
            "count": 23
        },
        "MovingSphere.Policy.Beta.sum": {
            "value": 0.04350000000000001,
            "min": 0.04000000000000001,
            "max": 0.04450000000000001,
            "count": 23
        },
        "MovingSphere.IsTraining.mean": {
            "value": 1.0,
            "min": 1.0,
            "max": 1.0,
            "count": 23
        },
        "MovingSphere.IsTraining.sum": {
            "value": 1.0,
            "min": 1.0,
            "max": 1.0,
            "count": 23
        }
    },
    "metadata": {
        "timer_format_version": "0.1.0",
        "start_time_seconds": "1680391086",
        "python_version": "3.8.13 (default, Oct 19 2022, 22:38:03) [MSC v.1916 64 bit (AMD64)]",
        "command_line_arguments": "D:\\envs\\drlnd2\\Scripts\\mlagents-learn sphere.yaml --run-id=myMovingSphere2 --force",
        "mlagents_version": "0.30.0",
        "mlagents_envs_version": "0.30.0",
        "communication_protocol_version": "1.5.0",
        "pytorch_version": "1.8.1+cpu",
        "numpy_version": "1.21.2",
        "end_time_seconds": "1680392988"
    },
    "total": 1902.0864461,
    "count": 1,
    "self": 0.008957800000189309,
    "children": {
        "run_training.setup": {
            "total": 0.09695030000000004,
            "count": 1,
            "self": 0.09695030000000004
        },
        "TrainerController.start_learning": {
            "total": 1901.980538,
            "count": 1,
            "self": 6.0922459000107665,
            "children": {
                "TrainerController._reset_env": {
                    "total": 5.3009355,
                    "count": 1,
                    "self": 5.3009355
                },
                "TrainerController.advance": {
                    "total": 1890.4250045999895,
                    "count": 240251,
                    "self": 6.122986300030561,
                    "children": {
                        "env_step": {
                            "total": 1493.156743299922,
                            "count": 240251,
                            "self": 1285.780668699947,
                            "children": {
                                "SubprocessEnvManager._take_step": {
                                    "total": 203.27895039996577,
                                    "count": 240252,
                                    "self": 16.038588799973724,
                                    "children": {
                                        "TorchPolicy.evaluate": {
                                            "total": 187.24036159999204,
                                            "count": 233027,
                                            "self": 187.24036159999204
                                        }
                                    }
                                },
                                "workers": {
                                    "total": 4.097124200009158,
                                    "count": 240250,
                                    "self": 0.0,
                                    "children": {
                                        "worker_root": {
                                            "total": 1882.6832548000116,
                                            "count": 240250,
                                            "is_parallel": true,
                                            "self": 866.8479430000214,
                                            "children": {
                                                "steps_from_proto": {
                                                    "total": 0.0008366999999998015,
                                                    "count": 2,
                                                    "is_parallel": true,